timestamp,hive_id,weight_kg,temperature_c,event
2025-11-25T17:00:00+00:00,ufc_meliponini_s3,6.0738887785,32.600000385,normal
2025-11-25T18:00:00+00:00,ufc_meliponini_s3,6.078966141,31.5,normal
2025-11-25T19:00:00+00:00,ufc_meliponini_s3,6.057886124,30.70000076,normal
2025-11-25T20:00:00+00:00,ufc_meliponini_s3,6.052087784,29.89999962,normal
2025-11-25T21:00:00+00:00,ufc_meliponini_s3,6.028814316,28.70000076,normal
2025-11-25T22:00:00+00:00,ufc_meliponini_s3,5.99354744,28.20000076,normal
2025-11-25T23:00:00+00:00,ufc_meliponini_s3,5.96052742,27.89999962,normal
2025-11-26T00:00:00+00:00,ufc_meliponini_s3,5.9260864259999995,27.70000076,normal
2025-11-26T01:00:00+00:00,ufc_meliponini_s3,5.9084777835,27.70000076,normal
2025-11-26T02:00:00+00:00,ufc_meliponini_s3,5.896146774,27.5,normal
2025-11-26T03:00:00+00:00,ufc_meliponini_s3,5.889266967999999,27.39999962,normal
2025-11-26T04:00:00+00:00,ufc_meliponini_s3,5.891407013,27.20000076,normal
2025-11-26T05:00:00+00:00,ufc_meliponini_s3,5.8961372375,27.150000570000003,normal
2025-11-26T06:00:00+00:00,ufc_meliponini_s3,5.900709152,27.10000038,normal
2025-11-26T07:00:00+00:00,ufc_meliponini_s3,5.903808594,27.10000038,normal
2025-11-26T08:00:00+00:00,ufc_meliponini_s3,5.905921936,27,normal
2025-11-26T09:00:00+00:00,ufc_meliponini_s3,5.905740738,26.89999962,normal
2025-11-26T10:00:00+00:00,ufc_meliponini_s3,5.910966873,27.60000038,normal
2025-11-26T11:00:00+00:00,ufc_meliponini_s3,5.9248714445,28.5,normal
2025-11-26T12:00:00+00:00,ufc_meliponini_s3,5.983665466,29.94999981,normal
2025-11-26T13:00:00+00:00,ufc_meliponini_s3,6.005373001,30.70000076,normal
2025-11-26T14:00:00+00:00,ufc_meliponini_s3,6.035007477000001,31.39999962,normal
2025-11-26T15:00:00+00:00,ufc_meliponini_s3,6.0551452635,32.45000076,normal
2025-11-26T16:00:00+00:00,ufc_meliponini_s3,6.069158554,32.59999847,normal
2025-11-26T17:00:00+00:00,ufc_meliponini_s3,6.0714797975,31.60000038,normal
2025-11-26T18:00:00+00:00,ufc_meliponini_s3,6.06350708,30.849999429999997,normal
2025-11-26T19:00:00+00:00,ufc_meliponini_s3,6.030912399,30.29999924,normal
2025-11-26T20:00:00+00:00,ufc_meliponini_s3,6.0060272215,29.5,normal
2025-11-26T21:00:00+00:00,ufc_meliponini_s3,5.980270386,28.55000019,normal
2025-11-26T22:00:00+00:00,ufc_meliponini_s3,5.944957733,28.05000019,normal
2025-11-26T23:00:00+00:00,ufc_meliponini_s3,5.912931442,27.89999962,normal
2025-11-27T00:00:00+00:00,ufc_meliponini_s3,5.894512176499999,27.70000076,normal
2025-11-27T01:00:00+00:00,ufc_meliponini_s3,5.8827877045,27.60000038,normal
2025-11-27T02:00:00+00:00,ufc_meliponini_s3,5.874509811,27.5,normal
2025-11-27T03:00:00+00:00,ufc_meliponini_s3,5.8658218385000005,27.39999962,normal
2025-11-27T04:00:00+00:00,ufc_meliponini_s3,5.862701416,27.25,normal
2025-11-27T05:00:00+00:00,ufc_meliponini_s3,5.8654060359999995,27,normal
2025-11-27T06:00:00+00:00,ufc_meliponini_s3,5.869138718,27,normal
2025-11-27T07:00:00+00:00,ufc_meliponini_s3,5.8700675965,26.79999924,normal
2025-11-27T08:00:00+00:00,ufc_meliponini_s3,5.872646332,26.70000076,normal
2025-11-27T09:00:00+00:00,ufc_meliponini_s3,5.8745365145,26.75,normal
2025-11-27T10:00:00+00:00,ufc_meliponini_s3,5.890657425,27.60000038,normal
2025-11-27T11:00:00+00:00,ufc_meliponini_s3,5.908418655,28.69999981,normal
2025-11-27T12:00:00+00:00,ufc_meliponini_s3,5.950292587,29.5,normal
2025-11-27T13:00:00+00:00,ufc_meliponini_s3,5.984321594000001,30.30000019,normal
2025-11-27T14:00:00+00:00,ufc_meliponini_s3,6.018014908,31.75,normal
2025-11-27T15:00:00+00:00,ufc_meliponini_s3,6.040964127,32.29999924,normal
2025-11-27T16:00:00+00:00,ufc_meliponini_s3,6.0518550875,32.5,normal
2025-11-27T17:00:00+00:00,ufc_meliponini_s3,6.072834015,32.150000575,normal
2025-11-27T18:00:00+00:00,ufc_meliponini_s3,6.042654037,30.70000076,normal
2025-11-27T19:00:00+00:00,ufc_meliponini_s3,6.0185546875,30.25,normal
2025-11-27T20:00:00+00:00,ufc_meliponini_s3,5.992662429999999,29.14999962,normal
2025-11-27T21:00:00+00:00,ufc_meliponini_s3,5.966379165499999,28.25,normal
2025-11-27T22:00:00+00:00,ufc_meliponini_s3,5.939062119,27.89999962,normal
2025-11-27T23:00:00+00:00,ufc_meliponini_s3,5.915670394499999,27.79999924,normal
2025-11-28T00:00:00+00:00,ufc_meliponini_s3,5.894868851,27.60000038,normal
2025-11-28T01:00:00+00:00,ufc_meliponini_s3,5.883050919,27.5,normal
2025-11-28T02:00:00+00:00,ufc_meliponini_s3,5.876237869000001,27.5,normal
2025-11-28T03:00:00+00:00,ufc_meliponini_s3,5.8759155275,27.39999962,normal
2025-11-28T04:00:00+00:00,ufc_meliponini_s3,5.880716324,27.29999924,normal
2025-11-28T05:00:00+00:00,ufc_meliponini_s3,5.882959366,27.25,normal
2025-11-28T06:00:00+00:00,ufc_meliponini_s3,5.8891353605,27.20000076,normal
2025-11-28T07:00:00+00:00,ufc_meliponini_s3,5.892206192,27.10000038,normal
2025-11-28T08:00:00+00:00,ufc_meliponini_s3,5.895090103,26.89999962,normal
2025-11-28T09:00:00+00:00,ufc_meliponini_s3,5.891363144,26.89999962,normal
2025-11-28T10:00:00+00:00,ufc_meliponini_s3,5.8984947205000005,27.60000038,normal
2025-11-28T11:00:00+00:00,ufc_meliponini_s3,5.918195724,28.5,normal
2025-11-28T12:00:00+00:00,ufc_meliponini_s3,5.929731369000001,29.29999924,normal
2025-11-28T13:00:00+00:00,ufc_meliponini_s3,5.937925339,30.20000076,normal
2025-11-28T14:00:00+00:00,ufc_meliponini_s3,5.961305618,30.79999924,normal
2025-11-28T15:00:00+00:00,ufc_meliponini_s3,5.9961166385,31.5,normal
2025-11-28T16:00:00+00:00,ufc_meliponini_s3,6.006166458,32,normal
2025-11-28T17:00:00+00:00,ufc_meliponini_s3,6.0094795224999995,31.55000019,normal
2025-11-28T18:00:00+00:00,ufc_meliponini_s3,5.99846077,31.5,normal
2025-11-28T19:00:00+00:00,ufc_meliponini_s3,5.969423294,30.150000570000003,normal
2025-11-28T20:00:00+00:00,ufc_meliponini_s3,5.946098328,29.19999981,normal
2025-11-28T21:00:00+00:00,ufc_meliponini_s3,5.926958084,28.29999924,normal
2025-11-28T22:00:00+00:00,ufc_meliponini_s3,5.9014282225,28,normal
2025-11-28T23:00:00+00:00,ufc_meliponini_s3,5.873432159,27.89999962,normal
2025-11-29T00:00:00+00:00,ufc_meliponini_s3,5.857618332,27.79999924,normal
2025-11-29T01:00:00+00:00,ufc_meliponini_s3,5.850111008,27.79999924,normal
2025-11-29T02:00:00+00:00,ufc_meliponini_s3,5.8480148315,27.70000076,normal
2025-11-29T03:00:00+00:00,ufc_meliponini_s3,5.849571228,27.5,normal
2025-11-29T04:00:00+00:00,ufc_meliponini_s3,5.849599838,27.29999924,normal
2025-11-29T05:00:00+00:00,ufc_meliponini_s3,5.858974457,27.20000076,normal
2025-11-29T06:00:00+00:00,ufc_meliponini_s3,5.8595046995,27.10000038,normal
2025-11-29T07:00:00+00:00,ufc_meliponini_s3,5.859987259,27.10000038,normal
2025-11-29T08:00:00+00:00,ufc_meliponini_s3,5.862606049,27,normal
2025-11-29T09:00:00+00:00,ufc_meliponini_s3,5.8592033385,27,normal
2025-11-29T10:00:00+00:00,ufc_meliponini_s3,5.864011765,27.60000038,normal
2025-11-29T11:00:00+00:00,ufc_meliponini_s3,5.8700256345,28.10000038,normal
2025-11-29T12:00:00+00:00,ufc_meliponini_s3,5.911418915,29.44999981,normal
2025-11-29T13:00:00+00:00,ufc_meliponini_s3,5.9469490050000005,30.44999981,normal
2025-11-29T14:00:00+00:00,ufc_meliponini_s3,5.98333931,30.79999924,normal
2025-11-29T15:00:00+00:00,ufc_meliponini_s3,6.016336441,32,normal
2025-11-29T16:00:00+00:00,ufc_meliponini_s3,6.0418930055,31.69999981,normal
2025-11-29T17:00:00+00:00,ufc_meliponini_s3,6.051801681500001,31.850000384999998,normal
2025-11-29T18:00:00+00:00,ufc_meliponini_s3,6.043783188,30.849999429999997,normal
2025-11-29T19:00:00+00:00,ufc_meliponini_s3,6.021039963,30.20000076,normal
2025-11-29T20:00:00+00:00,ufc_meliponini_s3,6.000776291,29.10000038,normal
2025-11-29T21:00:00+00:00,ufc_meliponini_s3,5.9597530365,28.349999429999997,normal
2025-11-29T22:00:00+00:00,ufc_meliponini_s3,5.927631378,27.75,normal
2025-11-29T23:00:00+00:00,ufc_meliponini_s3,5.8990077974999995,27.60000038,normal
2025-11-30T00:00:00+00:00,ufc_meliponini_s3,5.8812122344999995,27.60000038,normal
2025-11-30T01:00:00+00:00,ufc_meliponini_s3,5.8716125485,27.39999962,normal
2025-11-30T02:00:00+00:00,ufc_meliponini_s3,5.8642444615,27.349999429999997,normal
2025-11-30T03:00:00+00:00,ufc_meliponini_s3,5.858911514,27.29999924,normal
2025-11-30T04:00:00+00:00,ufc_meliponini_s3,5.851305008,27.20000076,normal
2025-11-30T05:00:00+00:00,ufc_meliponini_s3,5.8533821105,26.849999429999997,normal
2025-11-30T06:00:00+00:00,ufc_meliponini_s3,5.855024338,26.79999924,normal
2025-11-30T07:00:00+00:00,ufc_meliponini_s3,5.857767105000001,26.70000076,normal
2025-11-30T08:00:00+00:00,ufc_meliponini_s3,5.857339859,26.60000038,normal
2025-11-30T09:00:00+00:00,ufc_meliponini_s3,5.854499817000001,26.55000019,normal
2025-11-30T10:00:00+00:00,ufc_meliponini_s3,5.860967636,27.10000038,normal
2025-11-30T11:00:00+00:00,ufc_meliponini_s3,5.8500480655,28.099999429999997,normal
2025-11-30T12:00:00+00:00,ufc_meliponini_s3,5.894903183,29.29999924,normal
2025-11-30T13:00:00+00:00,ufc_meliponini_s3,5.904865265,30.05000019,normal
2025-11-30T14:00:00+00:00,ufc_meliponini_s3,5.947622299000001,31.44999981,normal
2025-11-30T15:00:00+00:00,ufc_meliponini_s3,5.9601383210000005,31.94999981,normal
2025-11-30T16:00:00+00:00,ufc_meliponini_s3,5.978437424,31.60000038,normal
2025-11-30T17:00:00+00:00,ufc_meliponini_s3,5.981563568,31.599999429999997,normal
2025-11-30T18:00:00+00:00,ufc_meliponini_s3,5.984025955,30.39999962,normal
2025-11-30T19:00:00+00:00,ufc_meliponini_s3,5.952383041,29.79999924,normal
2025-11-30T20:00:00+00:00,ufc_meliponini_s3,5.9448413845,28.849999429999997,normal
2025-11-30T21:00:00+00:00,ufc_meliponini_s3,5.920732498,27.89999962,normal
2025-11-30T22:00:00+00:00,ufc_meliponini_s3,5.893785477,27.5,normal
2025-11-30T23:00:00+00:00,ufc_meliponini_s3,5.870536804,27.29999924,normal
2025-12-01T00:00:00+00:00,ufc_meliponini_s3,5.847343445,27.25,normal
2025-12-01T01:00:00+00:00,ufc_meliponini_s3,5.8368358615,27.20000076,normal
2025-12-01T02:00:00+00:00,ufc_meliponini_s3,5.830839157,27.20000076,normal
2025-12-01T03:00:00+00:00,ufc_meliponini_s3,5.830942154000001,27,normal
2025-12-01T04:00:00+00:00,ufc_meliponini_s3,5.833267212000001,26.89999962,normal
2025-12-01T05:00:00+00:00,ufc_meliponini_s3,5.8321723935000005,26.849999429999997,normal
2025-12-01T06:00:00+00:00,ufc_meliponini_s3,5.832361221,26.70000076,normal
2025-12-01T07:00:00+00:00,ufc_meliponini_s3,5.835462570000001,26.55000019,normal
2025-12-01T08:00:00+00:00,ufc_meliponini_s3,5.8404922485,26.349999429999997,normal
2025-12-01T09:00:00+00:00,ufc_meliponini_s3,5.834909439,26.29999924,normal
2025-12-01T10:00:00+00:00,ufc_meliponini_s3,5.845287323,26.79999924,normal
2025-12-01T11:00:00+00:00,ufc_meliponini_s3,5.829519272,28.44999981,normal
2025-12-01T12:00:00+00:00,ufc_meliponini_s3,5.8666992185,29.55000019,normal
2025-12-01T13:00:00+00:00,ufc_meliponini_s3,5.893373489,31,normal
2025-12-01T14:00:00+00:00,ufc_meliponini_s3,5.922956467000001,31.099999429999997,normal
2025-12-01T15:00:00+00:00,ufc_meliponini_s3,5.93598938,32.350000385,normal
2025-12-01T16:00:00+00:00,ufc_meliponini_s3,5.956548691,31.89999962,normal
2025-12-01T17:00:00+00:00,ufc_meliponini_s3,5.965702057,31.29999924,normal
2025-12-01T18:00:00+00:00,ufc_meliponini_s3,5.964302063,30.35000038,normal
2025-12-01T19:00:00+00:00,ufc_meliponini_s3,5.945360184,29.39999962,normal
2025-12-01T20:00:00+00:00,ufc_meliponini_s3,5.918506622000001,28.75,normal
2025-12-01T21:00:00+00:00,ufc_meliponini_s3,5.888031006,27.94999981,normal
2025-12-01T22:00:00+00:00,ufc_meliponini_s3,5.8677768705,27.650000570000003,normal
2025-12-01T23:00:00+00:00,ufc_meliponini_s3,5.846059799,27.70000076,normal
2025-12-02T00:00:00+00:00,ufc_meliponini_s3,5.828847885,27.650000570000003,normal
2025-12-02T01:00:00+00:00,ufc_meliponini_s3,5.8208522795,27.60000038,normal
2025-12-02T02:00:00+00:00,ufc_meliponini_s3,5.822065353,27.5,normal
2025-12-02T03:00:00+00:00,ufc_meliponini_s3,5.829328537,27.29999924,normal
2025-12-02T04:00:00+00:00,ufc_meliponini_s3,5.8321552274999995,27.20000076,normal
2025-12-02T05:00:00+00:00,ufc_meliponini_s3,5.8311576845,27.10000038,normal
2025-12-02T06:00:00+00:00,ufc_meliponini_s3,5.833673477,26.89999962,normal
2025-12-02T07:00:00+00:00,ufc_meliponini_s3,5.8357944485,26.79999924,normal
2025-12-02T08:00:00+00:00,ufc_meliponini_s3,5.836418152,26.79999924,normal
2025-12-02T09:00:00+00:00,ufc_meliponini_s3,5.82652092,26.5,normal
2025-12-02T10:00:00+00:00,ufc_meliponini_s3,5.8278274535,27.10000038,normal
2025-12-02T11:00:00+00:00,ufc_meliponini_s3,5.815536499,27.75,normal
2025-12-02T12:00:00+00:00,ufc_meliponini_s3,5.825834274,28.10000038,normal
2025-12-02T13:00:00+00:00,ufc_meliponini_s3,5.8656520845,30.35000038,normal
2025-12-02T14:00:00+00:00,ufc_meliponini_s3,5.9021167755,31.10000038,normal
2025-12-02T15:00:00+00:00,ufc_meliponini_s3,5.9491443635,32.89999962,normal
2025-12-02T16:00:00+00:00,ufc_meliponini_s3,5.975313187,32.20000076,normal
2025-12-02T17:00:00+00:00,ufc_meliponini_s3,5.973165512,32.100000385,normal
2025-12-02T18:00:00+00:00,ufc_meliponini_s3,5.961587906,31.04999924,normal
2025-12-02T19:00:00+00:00,ufc_meliponini_s3,5.9241447449999995,29.89999962,normal
2025-12-02T20:00:00+00:00,ufc_meliponini_s3,5.907865524,29.39999962,normal
2025-12-02T21:00:00+00:00,ufc_meliponini_s3,5.894475937,28.5,normal
2025-12-02T22:00:00+00:00,ufc_meliponini_s3,5.8734188075,27.94999981,normal
2025-12-02T23:00:00+00:00,ufc_meliponini_s3,5.849346161,27.5,normal
2025-12-03T00:00:00+00:00,ufc_meliponini_s3,5.828756332,27.5,normal
2025-12-03T01:00:00+00:00,ufc_meliponini_s3,5.8185863495,27.55000019,normal
2025-12-03T02:00:00+00:00,ufc_meliponini_s3,5.814710616999999,27.5,normal
2025-12-03T03:00:00+00:00,ufc_meliponini_s3,5.808731079,27.44999981,normal
2025-12-03T04:00:00+00:00,ufc_meliponini_s3,5.808420181,27.39999962,normal
2025-12-03T05:00:00+00:00,ufc_meliponini_s3,5.8043346405000005,27.25,normal
2025-12-03T06:00:00+00:00,ufc_meliponini_s3,5.809419632,27,normal
2025-12-03T07:00:00+00:00,ufc_meliponini_s3,5.8128852845,27.05000019,normal
2025-12-03T08:00:00+00:00,ufc_meliponini_s3,5.813701629500001,26.79999924,normal
2025-12-03T09:00:00+00:00,ufc_meliponini_s3,5.8087997435,26.650000570000003,normal
2025-12-03T10:00:00+00:00,ufc_meliponini_s3,5.819047928,27.20000076,normal
2025-12-03T11:00:00+00:00,ufc_meliponini_s3,5.824907303,28.20000076,normal
2025-12-03T12:00:00+00:00,ufc_meliponini_s3,5.847103119,29,normal
2025-12-03T13:00:00+00:00,ufc_meliponini_s3,5.86016655,30.60000038,normal
2025-12-03T14:00:00+00:00,ufc_meliponini_s3,5.8940067295,31.39999962,normal
2025-12-03T15:00:00+00:00,ufc_meliponini_s3,5.919025421500001,32.649999615,normal
2025-12-03T16:00:00+00:00,ufc_meliponini_s3,5.937574387,31.79999924,normal
2025-12-03T17:00:00+00:00,ufc_meliponini_s3,5.949693679999999,31.85000038,normal
2025-12-03T18:00:00+00:00,ufc_meliponini_s3,5.948507309,31.29999924,normal
2025-12-03T19:00:00+00:00,ufc_meliponini_s3,5.9207057955,30.20000076,normal
2025-12-03T20:00:00+00:00,ufc_meliponini_s3,5.903326035,29.39999962,normal
2025-12-03T21:00:00+00:00,ufc_meliponini_s3,5.8946552274999995,28.5,normal
2025-12-03T22:00:00+00:00,ufc_meliponini_s3,5.86464119,28,normal
2025-12-03T23:00:00+00:00,ufc_meliponini_s3,5.841276169,27.70000076,normal
2025-12-04T00:00:00+00:00,ufc_meliponini_s3,5.822048187,27.60000038,normal
2025-12-04T01:00:00+00:00,ufc_meliponini_s3,5.8073940275,27.39999962,normal
2025-12-04T02:00:00+00:00,ufc_meliponini_s3,5.800798416,27.39999962,normal
2025-12-04T03:00:00+00:00,ufc_meliponini_s3,5.793222427,27.39999962,normal
2025-12-04T04:00:00+00:00,ufc_meliponini_s3,5.792125702,27.25,normal
2025-12-04T05:00:00+00:00,ufc_meliponini_s3,5.794153214,27.10000038,normal
2025-12-04T06:00:00+00:00,ufc_meliponini_s3,5.795007706,27,normal
2025-12-04T07:00:00+00:00,ufc_meliponini_s3,5.7976226805,27,normal
2025-12-04T08:00:00+00:00,ufc_meliponini_s3,5.802566528,27,normal
2025-12-04T09:00:00+00:00,ufc_meliponini_s3,5.7968006135,27,normal
2025-12-04T10:00:00+00:00,ufc_meliponini_s3,5.81454277,27.5,normal
2025-12-04T11:00:00+00:00,ufc_meliponini_s3,5.82790184,28.70000076,normal
2025-12-04T12:00:00+00:00,ufc_meliponini_s3,5.839956283499999,29.60000038,normal
2025-12-04T13:00:00+00:00,ufc_meliponini_s3,5.8659000395,30.599999429999997,normal
2025-12-04T14:00:00+00:00,ufc_meliponini_s3,5.893257140999999,31.849999429999997,normal
2025-12-04T15:00:00+00:00,ufc_meliponini_s3,5.916784286,32.70000076,normal
2025-12-04T16:00:00+00:00,ufc_meliponini_s3,5.9350013735000005,32.699998855000004,normal
2025-12-04T17:00:00+00:00,ufc_meliponini_s3,5.945081711,32.04999924,normal
2025-12-04T18:00:00+00:00,ufc_meliponini_s3,5.9408741,31.29999924,normal
2025-12-04T19:00:00+00:00,ufc_meliponini_s3,5.9123249055,30.55000019,normal
2025-12-04T20:00:00+00:00,ufc_meliponini_s3,5.917793274,29.69999981,normal
2025-12-04T21:00:00+00:00,ufc_meliponini_s3,5.894044876000001,28.70000076,normal
2025-12-04T22:00:00+00:00,ufc_meliponini_s3,5.870012283,28.29999924,normal
2025-12-04T23:00:00+00:00,ufc_meliponini_s3,5.8454742435,28.05000019,normal
2025-12-05T00:00:00+00:00,ufc_meliponini_s3,5.824193954,28.05000019,normal
2025-12-05T01:00:00+00:00,ufc_meliponini_s3,5.812627792,27.89999962,normal
2025-12-05T02:00:00+00:00,ufc_meliponini_s3,5.805892944,27.75,normal
2025-12-05T03:00:00+00:00,ufc_meliponini_s3,5.802602768,27.60000038,normal
2025-12-05T04:00:00+00:00,ufc_meliponini_s3,5.804174423,27.5,normal
2025-12-05T05:00:00+00:00,ufc_meliponini_s3,5.801893234,27.5,normal
2025-12-05T06:00:00+00:00,ufc_meliponini_s3,5.796607971,27.20000076,normal
2025-12-05T07:00:00+00:00,ufc_meliponini_s3,5.798652648999999,27.10000038,normal
2025-12-05T08:00:00+00:00,ufc_meliponini_s3,5.799917221,26.89999962,normal
2025-12-05T09:00:00+00:00,ufc_meliponini_s3,5.792297362999999,26.849999429999997,normal
2025-12-05T10:00:00+00:00,ufc_meliponini_s3,5.8049983975,27.69999981,normal
2025-12-05T11:00:00+00:00,ufc_meliponini_s3,5.809984207,28.39999962,normal
2025-12-05T12:00:00+00:00,ufc_meliponini_s3,5.8330593109999995,29.75,normal
2025-12-05T13:00:00+00:00,ufc_meliponini_s3,5.849983215,31.05000019,normal
2025-12-05T14:00:00+00:00,ufc_meliponini_s3,5.870817184,31.39999962,normal
2025-12-05T15:00:00+00:00,ufc_meliponini_s3,5.8867454525,31.94999981,normal
2025-12-05T16:00:00+00:00,ufc_meliponini_s3,5.9136314389999995,32.34999847,normal
2025-12-05T17:00:00+00:00,ufc_meliponini_s3,5.916521072,32.09999847,normal
