timestamp,hive_id,weight_kg,temperature_c,event
2025-10-29T00:00:00+00:00,trend_ufc_meliponini1_oct_nov,5.287860870499999,27.60000038,normal
2025-10-29T01:00:00+00:00,trend_ufc_meliponini1_oct_nov,5.284630775,27.39999962,normal
2025-10-29T02:00:00+00:00,trend_ufc_meliponini1_oct_nov,5.282191276500001,27.29999924,normal
2025-10-29T03:00:00+00:00,trend_ufc_meliponini1_oct_nov,5.282761574,27.10000038,normal
2025-10-29T04:00:00+00:00,trend_ufc_meliponini1_oct_nov,5.280282974,26.89999962,normal
2025-10-29T05:00:00+00:00,trend_ufc_meliponini1_oct_nov,5.2810573575,26.849999429999997,normal
2025-10-29T06:00:00+00:00,trend_ufc_meliponini1_oct_nov,5.285563469,26.79999924,normal
2025-10-29T07:00:00+00:00,trend_ufc_meliponini1_oct_nov,5.28931427,26.650000570000003,normal
2025-10-29T08:00:00+00:00,trend_ufc_meliponini1_oct_nov,5.290137291,26.5,normal
2025-10-29T09:00:00+00:00,trend_ufc_meliponini1_oct_nov,5.26845932,25.849999429999997,normal
2025-10-29T10:00:00+00:00,trend_ufc_meliponini1_oct_nov,5.304379463,26.10000038,normal
2025-10-29T11:00:00+00:00,trend_ufc_meliponini1_oct_nov,5.363397598500001,27.55000019,normal
2025-10-29T12:00:00+00:00,trend_ufc_meliponini1_oct_nov,5.375264167499999,29.0,normal
2025-10-29T13:00:00+00:00,trend_ufc_meliponini1_oct_nov,5.446940422,30.85000038,normal
2025-10-29T14:00:00+00:00,trend_ufc_meliponini1_oct_nov,5.459950447,31.79999924,normal
2025-10-29T15:00:00+00:00,trend_ufc_meliponini1_oct_nov,5.463101387,32.75,normal
2025-10-29T16:00:00+00:00,trend_ufc_meliponini1_oct_nov,5.457354545499999,33.199998855000004,normal
2025-10-29T17:00:00+00:00,trend_ufc_meliponini1_oct_nov,5.438210487,32.09999847,normal
2025-10-29T18:00:00+00:00,trend_ufc_meliponini1_oct_nov,5.4074192045,31.39999962,normal
2025-10-29T19:00:00+00:00,trend_ufc_meliponini1_oct_nov,5.322815895,29.55000019,normal
2025-10-29T20:00:00+00:00,trend_ufc_meliponini1_oct_nov,5.288104057,28.75,normal
2025-10-29T21:00:00+00:00,trend_ufc_meliponini1_oct_nov,5.298407555,28.0,normal
2025-10-29T22:00:00+00:00,trend_ufc_meliponini1_oct_nov,5.292083740000001,27.849999429999997,normal
2025-10-29T23:00:00+00:00,trend_ufc_meliponini1_oct_nov,5.287035941999999,27.650000570000003,normal
2025-10-30T00:00:00+00:00,trend_ufc_meliponini1_oct_nov,5.279803276,27.5,normal
2025-10-30T01:00:00+00:00,trend_ufc_meliponini1_oct_nov,5.279716492,27.349999429999997,normal
2025-10-30T02:00:00+00:00,trend_ufc_meliponini1_oct_nov,5.2842674254999995,27.20000076,normal
2025-10-30T03:00:00+00:00,trend_ufc_meliponini1_oct_nov,5.287531853,27.20000076,normal
2025-10-30T04:00:00+00:00,trend_ufc_meliponini1_oct_nov,5.296520233000001,27.0,normal
2025-10-30T05:00:00+00:00,trend_ufc_meliponini1_oct_nov,5.301372528,26.849999429999997,normal
2025-10-30T06:00:00+00:00,trend_ufc_meliponini1_oct_nov,5.3106184005,26.79999924,normal
2025-10-30T07:00:00+00:00,trend_ufc_meliponini1_oct_nov,5.314453125,26.79999924,normal
2025-10-30T08:00:00+00:00,trend_ufc_meliponini1_oct_nov,5.3191947939999995,26.70000076,normal
2025-10-30T09:00:00+00:00,trend_ufc_meliponini1_oct_nov,5.304717064,26.75,normal
2025-10-30T10:00:00+00:00,trend_ufc_meliponini1_oct_nov,5.348155022,27.0,normal
2025-10-30T11:00:00+00:00,trend_ufc_meliponini1_oct_nov,5.394516945,27.44999981,normal
2025-10-30T12:00:00+00:00,trend_ufc_meliponini1_oct_nov,5.435090065,28.10000038,normal
2025-10-30T13:00:00+00:00,trend_ufc_meliponini1_oct_nov,5.4497251515,29.19999981,normal
2025-10-30T14:00:00+00:00,trend_ufc_meliponini1_oct_nov,5.507845879,31.60000038,normal
2025-10-30T15:00:00+00:00,trend_ufc_meliponini1_oct_nov,5.516497612,32.60000038,normal
2025-10-30T16:00:00+00:00,trend_ufc_meliponini1_oct_nov,5.521818161000001,33.049999235,normal
2025-10-30T17:00:00+00:00,trend_ufc_meliponini1_oct_nov,5.502192497,32.40000153,normal
2025-10-30T18:00:00+00:00,trend_ufc_meliponini1_oct_nov,5.481151581,31.05000019,normal
2025-10-30T19:00:00+00:00,trend_ufc_meliponini1_oct_nov,5.4001159665,30.0,normal
2025-10-30T20:00:00+00:00,trend_ufc_meliponini1_oct_nov,5.370928764,29.10000038,normal
2025-10-30T21:00:00+00:00,trend_ufc_meliponini1_oct_nov,5.3689146045000005,28.150000570000003,normal
2025-10-30T22:00:00+00:00,trend_ufc_meliponini1_oct_nov,5.3586187365,27.70000076,normal
2025-10-30T23:00:00+00:00,trend_ufc_meliponini1_oct_nov,5.347094536,27.39999962,normal
2025-10-31T00:00:00+00:00,trend_ufc_meliponini1_oct_nov,5.340146065,27.39999962,normal
2025-10-31T01:00:00+00:00,trend_ufc_meliponini1_oct_nov,5.3361415865,27.29999924,normal
2025-10-31T02:00:00+00:00,trend_ufc_meliponini1_oct_nov,5.338320732,27.29999924,normal
2025-10-31T03:00:00+00:00,trend_ufc_meliponini1_oct_nov,5.340493202,27.20000076,normal
2025-10-31T04:00:00+00:00,trend_ufc_meliponini1_oct_nov,5.3431539535,27.10000038,normal
2025-10-31T05:00:00+00:00,trend_ufc_meliponini1_oct_nov,5.351073265,27.0,normal
2025-10-31T06:00:00+00:00,trend_ufc_meliponini1_oct_nov,5.359528542,27.0,normal
2025-10-31T07:00:00+00:00,trend_ufc_meliponini1_oct_nov,5.3626585005,27.0,normal
2025-10-31T08:00:00+00:00,trend_ufc_meliponini1_oct_nov,5.366022109999999,27.0,normal
2025-10-31T09:00:00+00:00,trend_ufc_meliponini1_oct_nov,5.3457565305,27.0,normal
2025-10-31T10:00:00+00:00,trend_ufc_meliponini1_oct_nov,5.3893995285,27.19999981,normal
2025-10-31T11:00:00+00:00,trend_ufc_meliponini1_oct_nov,5.485307693499999,28.44999981,normal
2025-10-31T12:00:00+00:00,trend_ufc_meliponini1_oct_nov,5.523639679,29.5,normal
2025-10-31T13:00:00+00:00,trend_ufc_meliponini1_oct_nov,5.51482296,29.20000076,normal
2025-10-31T14:00:00+00:00,trend_ufc_meliponini1_oct_nov,5.5632295605,30.75,normal
2025-10-31T15:00:00+00:00,trend_ufc_meliponini1_oct_nov,5.5697250364999995,31.85000038,normal
2025-10-31T16:00:00+00:00,trend_ufc_meliponini1_oct_nov,5.565590858,32.90000153,normal
2025-10-31T17:00:00+00:00,trend_ufc_meliponini1_oct_nov,5.5538578035,32.20000076,normal
2025-10-31T18:00:00+00:00,trend_ufc_meliponini1_oct_nov,5.5257959365,31.349999429999997,normal
2025-10-31T19:00:00+00:00,trend_ufc_meliponini1_oct_nov,5.456858635,29.60000038,normal
2025-10-31T20:00:00+00:00,trend_ufc_meliponini1_oct_nov,5.4490776059999995,28.94999981,normal
2025-10-31T21:00:00+00:00,trend_ufc_meliponini1_oct_nov,5.503075599500001,27.75,normal
2025-10-31T22:00:00+00:00,trend_ufc_meliponini1_oct_nov,5.4916257855,27.39999962,normal
2025-10-31T23:00:00+00:00,trend_ufc_meliponini1_oct_nov,5.477540016,27.39999962,normal
2025-11-01T00:00:00+00:00,trend_ufc_meliponini1_oct_nov,5.468354225500001,27.349999429999997,normal
2025-11-01T01:00:00+00:00,trend_ufc_meliponini1_oct_nov,5.462196350499999,27.25,normal
2025-11-01T02:00:00+00:00,trend_ufc_meliponini1_oct_nov,5.459885597,27.20000076,normal
2025-11-01T03:00:00+00:00,trend_ufc_meliponini1_oct_nov,5.458966255,27.10000038,normal
2025-11-01T04:00:00+00:00,trend_ufc_meliponini1_oct_nov,5.460834503,26.79999924,normal
2025-11-01T05:00:00+00:00,trend_ufc_meliponini1_oct_nov,5.464356422,26.89999962,normal
2025-11-01T06:00:00+00:00,trend_ufc_meliponini1_oct_nov,5.465333938500001,26.79999924,normal
2025-11-01T07:00:00+00:00,trend_ufc_meliponini1_oct_nov,5.465201378,26.79999924,normal
2025-11-01T08:00:00+00:00,trend_ufc_meliponini1_oct_nov,5.464375496,26.89999962,normal
2025-11-01T09:00:00+00:00,trend_ufc_meliponini1_oct_nov,5.4450359345,25.75,normal
2025-11-01T10:00:00+00:00,trend_ufc_meliponini1_oct_nov,5.4944849015,26.55000019,normal
2025-11-01T11:00:00+00:00,trend_ufc_meliponini1_oct_nov,5.550209999,27.44999981,normal
2025-11-01T12:00:00+00:00,trend_ufc_meliponini1_oct_nov,5.645596504,28.5,normal
2025-11-01T13:00:00+00:00,trend_ufc_meliponini1_oct_nov,5.6077384949999995,28.0,normal
2025-11-01T14:00:00+00:00,trend_ufc_meliponini1_oct_nov,5.6890392305,28.599999429999997,normal
2025-11-01T15:00:00+00:00,trend_ufc_meliponini1_oct_nov,5.689583778,31.70000076,normal
2025-11-01T16:00:00+00:00,trend_ufc_meliponini1_oct_nov,5.711687088,31.89999962,normal
2025-11-01T17:00:00+00:00,trend_ufc_meliponini1_oct_nov,5.724087715,31.70000076,normal
2025-11-01T18:00:00+00:00,trend_ufc_meliponini1_oct_nov,5.703034401,30.39999962,normal
2025-11-01T19:00:00+00:00,trend_ufc_meliponini1_oct_nov,5.620596886,29.5,normal
2025-11-01T20:00:00+00:00,trend_ufc_meliponini1_oct_nov,5.588989258,28.849999429999997,normal
2025-11-01T21:00:00+00:00,trend_ufc_meliponini1_oct_nov,5.5777673725,27.79999924,normal
2025-11-01T22:00:00+00:00,trend_ufc_meliponini1_oct_nov,5.565772057,27.39999962,normal
2025-11-01T23:00:00+00:00,trend_ufc_meliponini1_oct_nov,5.548146248,27.20000076,normal
2025-11-02T00:00:00+00:00,trend_ufc_meliponini1_oct_nov,5.5308465955,27.20000076,normal
2025-11-02T01:00:00+00:00,trend_ufc_meliponini1_oct_nov,5.522143364,27.20000076,normal
2025-11-02T02:00:00+00:00,trend_ufc_meliponini1_oct_nov,5.518488884,27.0,normal
2025-11-02T03:00:00+00:00,trend_ufc_meliponini1_oct_nov,5.5177726745,26.89999962,normal
2025-11-02T04:00:00+00:00,trend_ufc_meliponini1_oct_nov,5.5172376635,26.70000076,normal
2025-11-02T05:00:00+00:00,trend_ufc_meliponini1_oct_nov,5.517228127,26.60000038,normal
2025-11-02T06:00:00+00:00,trend_ufc_meliponini1_oct_nov,5.5182676315000005,26.5,normal
2025-11-02T07:00:00+00:00,trend_ufc_meliponini1_oct_nov,5.5200958255,26.39999962,normal
2025-11-02T08:00:00+00:00,trend_ufc_meliponini1_oct_nov,5.5218486785,26.5,normal
2025-11-02T09:00:00+00:00,trend_ufc_meliponini1_oct_nov,5.49616909,26.39999962,normal
2025-11-02T10:00:00+00:00,trend_ufc_meliponini1_oct_nov,5.552102089,26.94999981,normal
2025-11-02T11:00:00+00:00,trend_ufc_meliponini1_oct_nov,5.623808861,26.29999924,normal
2025-11-02T12:00:00+00:00,trend_ufc_meliponini1_oct_nov,5.614113808,26.89999962,normal
2025-11-02T13:00:00+00:00,trend_ufc_meliponini1_oct_nov,5.64080143,26.75,normal
2025-11-02T14:00:00+00:00,trend_ufc_meliponini1_oct_nov,5.706767082,28.70000076,normal
2025-11-02T15:00:00+00:00,trend_ufc_meliponini1_oct_nov,5.705070495999999,30.75,normal
2025-11-02T16:00:00+00:00,trend_ufc_meliponini1_oct_nov,5.706595421,30.89999962,normal
2025-11-02T17:00:00+00:00,trend_ufc_meliponini1_oct_nov,5.71126461,30.29999924,normal
2025-11-02T18:00:00+00:00,trend_ufc_meliponini1_oct_nov,5.684858322,29.44999981,normal
2025-11-02T19:00:00+00:00,trend_ufc_meliponini1_oct_nov,5.651197433,28.89999962,normal
2025-11-02T20:00:00+00:00,trend_ufc_meliponini1_oct_nov,5.6241073605,28.35000038,normal
2025-11-02T21:00:00+00:00,trend_ufc_meliponini1_oct_nov,5.622719765,27.5,normal
2025-11-02T22:00:00+00:00,trend_ufc_meliponini1_oct_nov,5.622418403499999,27.0,normal
2025-11-02T23:00:00+00:00,trend_ufc_meliponini1_oct_nov,5.6127061845,26.79999924,normal
2025-11-03T00:00:00+00:00,trend_ufc_meliponini1_oct_nov,5.604475975,26.79999924,normal
2025-11-03T01:00:00+00:00,trend_ufc_meliponini1_oct_nov,5.599131584,26.75,normal
2025-11-03T02:00:00+00:00,trend_ufc_meliponini1_oct_nov,5.595504760500001,26.70000076,normal
2025-11-03T03:00:00+00:00,trend_ufc_meliponini1_oct_nov,5.591906548,26.70000076,normal
2025-11-03T04:00:00+00:00,trend_ufc_meliponini1_oct_nov,5.588267326,26.60000038,normal
2025-11-03T05:00:00+00:00,trend_ufc_meliponini1_oct_nov,5.585725784499999,26.44999981,normal
2025-11-03T06:00:00+00:00,trend_ufc_meliponini1_oct_nov,5.585673332000001,26.349999429999997,normal
2025-11-03T07:00:00+00:00,trend_ufc_meliponini1_oct_nov,5.585591316,26.29999924,normal
2025-11-03T08:00:00+00:00,trend_ufc_meliponini1_oct_nov,5.5836954115,26.150000570000003,normal
2025-11-03T09:00:00+00:00,trend_ufc_meliponini1_oct_nov,5.560391426000001,26.0,normal
2025-11-03T10:00:00+00:00,trend_ufc_meliponini1_oct_nov,5.603095055,27.0,normal
2025-11-03T11:00:00+00:00,trend_ufc_meliponini1_oct_nov,5.657951355,28.0,normal
2025-11-03T12:00:00+00:00,trend_ufc_meliponini1_oct_nov,5.752943039,29.55000019,normal
2025-11-03T13:00:00+00:00,trend_ufc_meliponini1_oct_nov,5.752039909,30.70000076,normal
2025-11-03T14:00:00+00:00,trend_ufc_meliponini1_oct_nov,5.7696590425,30.79999924,normal
2025-11-03T15:00:00+00:00,trend_ufc_meliponini1_oct_nov,5.7644901275,32.10000038,normal
2025-11-03T16:00:00+00:00,trend_ufc_meliponini1_oct_nov,5.7574901579999995,32.59999847,normal
2025-11-03T17:00:00+00:00,trend_ufc_meliponini1_oct_nov,5.739544868,31.60000038,normal
2025-11-03T18:00:00+00:00,trend_ufc_meliponini1_oct_nov,5.716293335,30.70000076,normal
2025-11-03T19:00:00+00:00,trend_ufc_meliponini1_oct_nov,5.648658751999999,29.69999981,normal
2025-11-03T20:00:00+00:00,trend_ufc_meliponini1_oct_nov,5.615157127,28.70000076,normal
2025-11-03T21:00:00+00:00,trend_ufc_meliponini1_oct_nov,5.6041555405,27.900000570000003,normal
2025-11-03T22:00:00+00:00,trend_ufc_meliponini1_oct_nov,5.5950546265,27.29999924,normal
2025-11-03T23:00:00+00:00,trend_ufc_meliponini1_oct_nov,5.584622383,27.20000076,normal
2025-11-04T00:00:00+00:00,trend_ufc_meliponini1_oct_nov,5.5744524,27.10000038,normal
2025-11-04T01:00:00+00:00,trend_ufc_meliponini1_oct_nov,5.56938839,26.89999962,normal
2025-11-04T02:00:00+00:00,trend_ufc_meliponini1_oct_nov,5.5655717844999995,26.79999924,normal
2025-11-04T03:00:00+00:00,trend_ufc_meliponini1_oct_nov,5.563204765,26.79999924,normal
2025-11-04T04:00:00+00:00,trend_ufc_meliponini1_oct_nov,5.564230919,26.70000076,normal
2025-11-04T05:00:00+00:00,trend_ufc_meliponini1_oct_nov,5.5665950775,26.55000019,normal
2025-11-04T06:00:00+00:00,trend_ufc_meliponini1_oct_nov,5.568722725000001,26.5,normal
2025-11-04T07:00:00+00:00,trend_ufc_meliponini1_oct_nov,5.571425438,26.60000038,normal
2025-11-04T08:00:00+00:00,trend_ufc_meliponini1_oct_nov,5.5732812885,26.39999962,normal
2025-11-04T09:00:00+00:00,trend_ufc_meliponini1_oct_nov,5.570578575,26.60000038,normal
2025-11-04T10:00:00+00:00,trend_ufc_meliponini1_oct_nov,5.608763695,27.20000076,normal
2025-11-04T11:00:00+00:00,trend_ufc_meliponini1_oct_nov,5.6677513125,27.849999429999997,normal
2025-11-04T12:00:00+00:00,trend_ufc_meliponini1_oct_nov,5.752126694,29.39999962,normal
2025-11-04T13:00:00+00:00,trend_ufc_meliponini1_oct_nov,5.7838392254999995,30.75,normal
2025-11-04T14:00:00+00:00,trend_ufc_meliponini1_oct_nov,5.786076546,30.70000076,normal
2025-11-04T15:00:00+00:00,trend_ufc_meliponini1_oct_nov,5.797757149000001,32.60000038,normal
2025-11-04T16:00:00+00:00,trend_ufc_meliponini1_oct_nov,5.794939041,33.10000038,normal
2025-11-04T17:00:00+00:00,trend_ufc_meliponini1_oct_nov,5.766301155,31.5,normal
2025-11-04T18:00:00+00:00,trend_ufc_meliponini1_oct_nov,5.74275589,30.5,normal
2025-11-04T19:00:00+00:00,trend_ufc_meliponini1_oct_nov,5.6715393065,29.5,normal
2025-11-04T20:00:00+00:00,trend_ufc_meliponini1_oct_nov,5.638185501,28.64999962,normal
2025-11-04T21:00:00+00:00,trend_ufc_meliponini1_oct_nov,5.623837471,27.89999962,normal
2025-11-04T22:00:00+00:00,trend_ufc_meliponini1_oct_nov,5.612352371,27.60000038,normal
2025-11-04T23:00:00+00:00,trend_ufc_meliponini1_oct_nov,5.595797538999999,27.5,normal
2025-11-05T00:00:00+00:00,trend_ufc_meliponini1_oct_nov,5.584578514,27.5,normal
2025-11-05T01:00:00+00:00,trend_ufc_meliponini1_oct_nov,5.5775070190000005,27.5,normal
2025-11-05T02:00:00+00:00,trend_ufc_meliponini1_oct_nov,5.5736169815,27.39999962,normal
2025-11-05T03:00:00+00:00,trend_ufc_meliponini1_oct_nov,5.57464695,27.29999924,normal
2025-11-05T04:00:00+00:00,trend_ufc_meliponini1_oct_nov,5.575541496,27.20000076,normal
2025-11-05T05:00:00+00:00,trend_ufc_meliponini1_oct_nov,5.5773992539999995,27.20000076,normal
2025-11-05T06:00:00+00:00,trend_ufc_meliponini1_oct_nov,5.5821685795,27.0,normal
2025-11-05T07:00:00+00:00,trend_ufc_meliponini1_oct_nov,5.584342003,26.60000038,normal
2025-11-05T08:00:00+00:00,trend_ufc_meliponini1_oct_nov,5.5858011245,26.75,normal
2025-11-05T09:00:00+00:00,trend_ufc_meliponini1_oct_nov,5.559723854,26.79999924,normal
2025-11-05T10:00:00+00:00,trend_ufc_meliponini1_oct_nov,5.61512661,27.400000570000003,normal
2025-11-05T11:00:00+00:00,trend_ufc_meliponini1_oct_nov,5.718251228,28.89999962,normal
2025-11-05T12:00:00+00:00,trend_ufc_meliponini1_oct_nov,5.780618667500001,30.05000019,normal
2025-11-05T13:00:00+00:00,trend_ufc_meliponini1_oct_nov,5.793726921,31.39999962,normal
2025-11-05T14:00:00+00:00,trend_ufc_meliponini1_oct_nov,5.799910545,31.5,normal
2025-11-05T15:00:00+00:00,trend_ufc_meliponini1_oct_nov,5.798153877,32.0,normal
2025-11-05T16:00:00+00:00,trend_ufc_meliponini1_oct_nov,5.785340309,31.60000038,normal
2025-11-05T17:00:00+00:00,trend_ufc_meliponini1_oct_nov,5.76214695,31.35000038,normal
2025-11-05T18:00:00+00:00,trend_ufc_meliponini1_oct_nov,5.731305122,30.39999962,normal
2025-11-05T19:00:00+00:00,trend_ufc_meliponini1_oct_nov,5.663266181999999,29.55000019,normal
2025-11-05T20:00:00+00:00,trend_ufc_meliponini1_oct_nov,5.6243047715,28.650000570000003,normal
2025-11-05T21:00:00+00:00,trend_ufc_meliponini1_oct_nov,5.60804081,27.89999962,normal
2025-11-05T22:00:00+00:00,trend_ufc_meliponini1_oct_nov,5.599864006500001,27.44999981,normal
2025-11-05T23:00:00+00:00,trend_ufc_meliponini1_oct_nov,5.5812540055,27.29999924,normal
2025-11-06T00:00:00+00:00,trend_ufc_meliponini1_oct_nov,5.569601059,27.25,normal
2025-11-06T01:00:00+00:00,trend_ufc_meliponini1_oct_nov,5.565796852,27.29999924,normal
2025-11-06T02:00:00+00:00,trend_ufc_meliponini1_oct_nov,5.5637626650000005,27.20000076,normal
2025-11-06T03:00:00+00:00,trend_ufc_meliponini1_oct_nov,5.5639162065,27.0,normal
2025-11-06T04:00:00+00:00,trend_ufc_meliponini1_oct_nov,5.569425582999999,26.79999924,normal
2025-11-06T05:00:00+00:00,trend_ufc_meliponini1_oct_nov,5.572172165,26.75,normal
2025-11-06T06:00:00+00:00,trend_ufc_meliponini1_oct_nov,5.572877884,26.55000019,normal
2025-11-06T07:00:00+00:00,trend_ufc_meliponini1_oct_nov,5.57433033,26.5,normal
2025-11-06T08:00:00+00:00,trend_ufc_meliponini1_oct_nov,5.577368736,26.29999924,normal
2025-11-06T09:00:00+00:00,trend_ufc_meliponini1_oct_nov,5.568496703999999,25.650000570000003,normal
2025-11-06T10:00:00+00:00,trend_ufc_meliponini1_oct_nov,5.622031212,26.60000038,normal
2025-11-06T11:00:00+00:00,trend_ufc_meliponini1_oct_nov,5.7486658095,28.55000019,normal
2025-11-06T12:00:00+00:00,trend_ufc_meliponini1_oct_nov,5.739526748499999,29.55000019,normal
2025-11-06T13:00:00+00:00,trend_ufc_meliponini1_oct_nov,5.776076316999999,30.25,normal
2025-11-06T14:00:00+00:00,trend_ufc_meliponini1_oct_nov,5.777222633,30.79999924,normal
2025-11-06T15:00:00+00:00,trend_ufc_meliponini1_oct_nov,5.788736343,32.449998855000004,normal
2025-11-06T16:00:00+00:00,trend_ufc_meliponini1_oct_nov,5.784884453,32.449998855000004,normal
2025-11-06T17:00:00+00:00,trend_ufc_meliponini1_oct_nov,5.763798714,31.650000570000003,normal
2025-11-06T18:00:00+00:00,trend_ufc_meliponini1_oct_nov,5.744756699,30.900000570000003,normal
2025-11-06T19:00:00+00:00,trend_ufc_meliponini1_oct_nov,5.677567482,30.0,normal
2025-11-06T20:00:00+00:00,trend_ufc_meliponini1_oct_nov,5.640360832,29.10000038,normal
2025-11-06T21:00:00+00:00,trend_ufc_meliponini1_oct_nov,5.629869461,28.150000570000003,normal
2025-11-06T22:00:00+00:00,trend_ufc_meliponini1_oct_nov,5.622602463,27.69999981,normal
2025-11-06T23:00:00+00:00,trend_ufc_meliponini1_oct_nov,5.6081838605000005,27.39999962,normal
2025-11-07T00:00:00+00:00,trend_ufc_meliponini1_oct_nov,5.599743843,27.10000038,normal
2025-11-07T01:00:00+00:00,trend_ufc_meliponini1_oct_nov,5.595454216,27.20000076,normal
2025-11-07T02:00:00+00:00,trend_ufc_meliponini1_oct_nov,5.594601631,27.0,normal
2025-11-07T03:00:00+00:00,trend_ufc_meliponini1_oct_nov,5.594504356,27.0,normal
2025-11-07T04:00:00+00:00,trend_ufc_meliponini1_oct_nov,5.5963401795,26.89999962,normal
2025-11-07T05:00:00+00:00,trend_ufc_meliponini1_oct_nov,5.60015583,26.64999962,normal
2025-11-07T06:00:00+00:00,trend_ufc_meliponini1_oct_nov,5.603783607,26.60000038,normal
2025-11-07T07:00:00+00:00,trend_ufc_meliponini1_oct_nov,5.6073102955,26.10000038,normal
2025-11-07T08:00:00+00:00,trend_ufc_meliponini1_oct_nov,5.610350609,25.60000038,normal
2025-11-07T09:00:00+00:00,trend_ufc_meliponini1_oct_nov,5.603335380500001,25.29999924,normal
2025-11-07T10:00:00+00:00,trend_ufc_meliponini1_oct_nov,5.66058445,26.20000076,normal
2025-11-07T11:00:00+00:00,trend_ufc_meliponini1_oct_nov,5.7385997775,28.05000019,normal
2025-11-07T12:00:00+00:00,trend_ufc_meliponini1_oct_nov,5.8081359865,29.79999924,normal
2025-11-07T13:00:00+00:00,trend_ufc_meliponini1_oct_nov,5.814816475,30.79999924,normal
2025-11-07T14:00:00+00:00,trend_ufc_meliponini1_oct_nov,5.834857940499999,31.75,normal
2025-11-07T15:00:00+00:00,trend_ufc_meliponini1_oct_nov,5.840267181,32.550001144999996,normal
2025-11-07T16:00:00+00:00,trend_ufc_meliponini1_oct_nov,5.844296455,33.0,normal
2025-11-07T17:00:00+00:00,trend_ufc_meliponini1_oct_nov,5.832532882500001,32.199998855000004,normal
2025-11-07T18:00:00+00:00,trend_ufc_meliponini1_oct_nov,5.8178625105,30.650000570000003,normal
2025-11-07T19:00:00+00:00,trend_ufc_meliponini1_oct_nov,5.749186516,30.0,normal
2025-11-07T20:00:00+00:00,trend_ufc_meliponini1_oct_nov,5.7179718015,29.10000038,normal
2025-11-07T21:00:00+00:00,trend_ufc_meliponini1_oct_nov,5.7146377565,28.349999429999997,normal
2025-11-07T22:00:00+00:00,trend_ufc_meliponini1_oct_nov,5.70822525,27.75,normal
2025-11-07T23:00:00+00:00,trend_ufc_meliponini1_oct_nov,5.698609352,27.39999962,normal
2025-11-08T00:00:00+00:00,trend_ufc_meliponini1_oct_nov,5.689764976499999,27.20000076,normal
2025-11-08T01:00:00+00:00,trend_ufc_meliponini1_oct_nov,5.682442665,27.29999924,normal
2025-11-08T02:00:00+00:00,trend_ufc_meliponini1_oct_nov,5.680033684,27.39999962,normal
2025-11-08T03:00:00+00:00,trend_ufc_meliponini1_oct_nov,5.679444312999999,27.39999962,normal
2025-11-08T04:00:00+00:00,trend_ufc_meliponini1_oct_nov,5.681829452500001,27.20000076,normal
2025-11-08T05:00:00+00:00,trend_ufc_meliponini1_oct_nov,5.684206962499999,27.10000038,normal
2025-11-08T06:00:00+00:00,trend_ufc_meliponini1_oct_nov,5.684519768,27.0,normal
2025-11-08T07:00:00+00:00,trend_ufc_meliponini1_oct_nov,5.685497284,26.89999962,normal
2025-11-08T08:00:00+00:00,trend_ufc_meliponini1_oct_nov,5.687184333499999,26.849999429999997,normal
2025-11-08T09:00:00+00:00,trend_ufc_meliponini1_oct_nov,5.674424171,26.79999924,normal
2025-11-08T10:00:00+00:00,trend_ufc_meliponini1_oct_nov,5.724849701,27.20000076,normal
2025-11-08T11:00:00+00:00,trend_ufc_meliponini1_oct_nov,5.7893772125,27.79999924,normal
2025-11-08T12:00:00+00:00,trend_ufc_meliponini1_oct_nov,5.854592323,29.39999962,normal
2025-11-08T13:00:00+00:00,trend_ufc_meliponini1_oct_nov,5.869698524,30.39999962,normal
2025-11-08T14:00:00+00:00,trend_ufc_meliponini1_oct_nov,5.8802270885,31.5,normal
2025-11-08T15:00:00+00:00,trend_ufc_meliponini1_oct_nov,5.883810043,32.149999615,normal
2025-11-08T16:00:00+00:00,trend_ufc_meliponini1_oct_nov,5.866391182,32.70000076,normal
2025-11-08T17:00:00+00:00,trend_ufc_meliponini1_oct_nov,5.830799103,31.89999962,normal
2025-11-08T18:00:00+00:00,trend_ufc_meliponini1_oct_nov,5.796286583,30.75,normal
2025-11-08T19:00:00+00:00,trend_ufc_meliponini1_oct_nov,5.7212791445,30.05000019,normal
2025-11-08T20:00:00+00:00,trend_ufc_meliponini1_oct_nov,5.683484077,29.19999981,normal
2025-11-08T21:00:00+00:00,trend_ufc_meliponini1_oct_nov,5.622107506,27.94999981,normal
2025-11-08T22:00:00+00:00,trend_ufc_meliponini1_oct_nov,5.604153633,27.79999924,normal
2025-11-08T23:00:00+00:00,trend_ufc_meliponini1_oct_nov,5.5912685395,27.55000019,normal
2025-11-09T00:00:00+00:00,trend_ufc_meliponini1_oct_nov,5.581577300999999,27.5,normal
2025-11-09T01:00:00+00:00,trend_ufc_meliponini1_oct_nov,5.575907707,27.5,normal
2025-11-09T02:00:00+00:00,trend_ufc_meliponini1_oct_nov,5.575364113,27.39999962,normal
2025-11-09T03:00:00+00:00,trend_ufc_meliponini1_oct_nov,5.577021599,27.25,normal
2025-11-09T04:00:00+00:00,trend_ufc_meliponini1_oct_nov,5.579577446,27.10000038,normal
2025-11-09T05:00:00+00:00,trend_ufc_meliponini1_oct_nov,5.5848760605,27.0,normal
2025-11-09T06:00:00+00:00,trend_ufc_meliponini1_oct_nov,5.587173462,26.89999962,normal
2025-11-09T07:00:00+00:00,trend_ufc_meliponini1_oct_nov,5.5922870635,26.849999429999997,normal
2025-11-09T08:00:00+00:00,trend_ufc_meliponini1_oct_nov,5.596650124,26.5,normal
2025-11-09T09:00:00+00:00,trend_ufc_meliponini1_oct_nov,5.598118782,26.5,normal
2025-11-09T10:00:00+00:00,trend_ufc_meliponini1_oct_nov,5.622685432,27.20000076,normal
2025-11-09T11:00:00+00:00,trend_ufc_meliponini1_oct_nov,5.66665554,28.39999962,normal
2025-11-09T12:00:00+00:00,trend_ufc_meliponini1_oct_nov,5.7281827925,29.5,normal
2025-11-09T13:00:00+00:00,trend_ufc_meliponini1_oct_nov,5.75760746,30.849999429999997,normal
2025-11-09T14:00:00+00:00,trend_ufc_meliponini1_oct_nov,5.758488655,31.10000038,normal
2025-11-09T15:00:00+00:00,trend_ufc_meliponini1_oct_nov,5.76740551,32.39999962,normal
2025-11-09T16:00:00+00:00,trend_ufc_meliponini1_oct_nov,5.764176369,32.59999847,normal
2025-11-09T17:00:00+00:00,trend_ufc_meliponini1_oct_nov,5.7511911389999995,32.40000153,normal
2025-11-09T18:00:00+00:00,trend_ufc_meliponini1_oct_nov,5.717410088,30.89999962,normal
2025-11-09T19:00:00+00:00,trend_ufc_meliponini1_oct_nov,5.652469635,30.0,normal
2025-11-09T20:00:00+00:00,trend_ufc_meliponini1_oct_nov,5.6082048415,29.29999924,normal
2025-11-09T21:00:00+00:00,trend_ufc_meliponini1_oct_nov,5.588952065,28.29999924,normal
2025-11-09T22:00:00+00:00,trend_ufc_meliponini1_oct_nov,5.5753908160000005,27.79999924,normal
2025-11-09T23:00:00+00:00,trend_ufc_meliponini1_oct_nov,5.563044548,27.60000038,normal
2025-11-10T00:00:00+00:00,trend_ufc_meliponini1_oct_nov,5.554707527,27.60000038,normal
2025-11-10T01:00:00+00:00,trend_ufc_meliponini1_oct_nov,5.550143242,27.5,normal
2025-11-10T02:00:00+00:00,trend_ufc_meliponini1_oct_nov,5.5514688495,27.44999981,normal
2025-11-10T03:00:00+00:00,trend_ufc_meliponini1_oct_nov,5.553954124,27.29999924,normal
2025-11-10T04:00:00+00:00,trend_ufc_meliponini1_oct_nov,5.560738564,27.20000076,normal
2025-11-10T05:00:00+00:00,trend_ufc_meliponini1_oct_nov,5.565440178,27.05000019,normal
2025-11-10T06:00:00+00:00,trend_ufc_meliponini1_oct_nov,5.5680589675,27.0,normal
2025-11-10T07:00:00+00:00,trend_ufc_meliponini1_oct_nov,5.571890831,26.89999962,normal
2025-11-10T08:00:00+00:00,trend_ufc_meliponini1_oct_nov,5.5760059355,26.89999962,normal
2025-11-10T09:00:00+00:00,trend_ufc_meliponini1_oct_nov,5.575879097,26.89999962,normal
2025-11-10T10:00:00+00:00,trend_ufc_meliponini1_oct_nov,5.616328239,27.29999924,normal
2025-11-10T11:00:00+00:00,trend_ufc_meliponini1_oct_nov,5.654680252,28.20000076,normal
2025-11-10T12:00:00+00:00,trend_ufc_meliponini1_oct_nov,5.754419327,29.80000019,normal
2025-11-10T13:00:00+00:00,trend_ufc_meliponini1_oct_nov,5.78719902,31.099999429999997,normal
2025-11-10T14:00:00+00:00,trend_ufc_meliponini1_oct_nov,5.810660362,31.89999962,normal
2025-11-10T15:00:00+00:00,trend_ufc_meliponini1_oct_nov,5.8144683839999995,31.69999981,normal
2025-11-10T16:00:00+00:00,trend_ufc_meliponini1_oct_nov,5.806055068999999,32.149999615,normal
2025-11-10T17:00:00+00:00,trend_ufc_meliponini1_oct_nov,5.790133476499999,31.650000570000003,normal
2025-11-10T18:00:00+00:00,trend_ufc_meliponini1_oct_nov,5.779342651,30.69999981,normal
2025-11-10T19:00:00+00:00,trend_ufc_meliponini1_oct_nov,5.715028762999999,29.69999981,normal
2025-11-10T20:00:00+00:00,trend_ufc_meliponini1_oct_nov,5.6976156235,28.75,normal
2025-11-10T21:00:00+00:00,trend_ufc_meliponini1_oct_nov,5.677912712,28.10000038,normal
2025-11-10T22:00:00+00:00,trend_ufc_meliponini1_oct_nov,5.6626901625,27.650000570000003,normal
2025-11-10T23:00:00+00:00,trend_ufc_meliponini1_oct_nov,5.6466989519999995,27.39999962,normal
2025-11-11T00:00:00+00:00,trend_ufc_meliponini1_oct_nov,5.635084152499999,27.39999962,normal
2025-11-11T01:00:00+00:00,trend_ufc_meliponini1_oct_nov,5.630209923,27.39999962,normal
2025-11-11T02:00:00+00:00,trend_ufc_meliponini1_oct_nov,5.6282339095000005,27.29999924,normal
2025-11-11T03:00:00+00:00,trend_ufc_meliponini1_oct_nov,5.628214836,27.10000038,normal
2025-11-11T04:00:00+00:00,trend_ufc_meliponini1_oct_nov,5.630101204,27.0,normal
2025-11-11T05:00:00+00:00,trend_ufc_meliponini1_oct_nov,5.63365078,26.89999962,normal
2025-11-11T06:00:00+00:00,trend_ufc_meliponini1_oct_nov,5.63873291,26.849999429999997,normal
2025-11-11T07:00:00+00:00,trend_ufc_meliponini1_oct_nov,5.641326904,26.75,normal
2025-11-11T08:00:00+00:00,trend_ufc_meliponini1_oct_nov,5.644495964,26.70000076,normal
2025-11-11T09:00:00+00:00,trend_ufc_meliponini1_oct_nov,5.641269684,26.60000038,normal
2025-11-11T10:00:00+00:00,trend_ufc_meliponini1_oct_nov,5.677130699499999,27.25,normal
2025-11-11T11:00:00+00:00,trend_ufc_meliponini1_oct_nov,5.720005989,28.39999962,normal
2025-11-11T12:00:00+00:00,trend_ufc_meliponini1_oct_nov,5.7702903745,29.10000038,normal
2025-11-11T13:00:00+00:00,trend_ufc_meliponini1_oct_nov,5.7988910675,27.5,normal
2025-11-11T14:00:00+00:00,trend_ufc_meliponini1_oct_nov,5.81816864,27.0,normal
2025-11-11T15:00:00+00:00,trend_ufc_meliponini1_oct_nov,5.824400902,30.20000076,normal
2025-11-11T16:00:00+00:00,trend_ufc_meliponini1_oct_nov,5.8443288805,31.29999924,normal
2025-11-11T17:00:00+00:00,trend_ufc_meliponini1_oct_nov,5.8672161105,30.89999962,normal
2025-11-11T18:00:00+00:00,trend_ufc_meliponini1_oct_nov,5.86490345,30.10000038,normal
2025-11-11T19:00:00+00:00,trend_ufc_meliponini1_oct_nov,5.797507286,29.650000570000003,normal
2025-11-11T20:00:00+00:00,trend_ufc_meliponini1_oct_nov,5.784482002500001,28.55000019,normal
2025-11-11T21:00:00+00:00,trend_ufc_meliponini1_oct_nov,5.766344070500001,27.75,normal
2025-11-11T22:00:00+00:00,trend_ufc_meliponini1_oct_nov,5.748793602,27.60000038,normal
2025-11-11T23:00:00+00:00,trend_ufc_meliponini1_oct_nov,5.735419273,27.20000076,normal
2025-11-12T00:00:00+00:00,trend_ufc_meliponini1_oct_nov,5.722111701999999,27.10000038,normal
2025-11-12T01:00:00+00:00,trend_ufc_meliponini1_oct_nov,5.712547302000001,27.20000076,normal
2025-11-12T02:00:00+00:00,trend_ufc_meliponini1_oct_nov,5.707489967,27.0,normal
2025-11-12T03:00:00+00:00,trend_ufc_meliponini1_oct_nov,5.7081012725,26.849999429999997,normal
2025-11-12T04:00:00+00:00,trend_ufc_meliponini1_oct_nov,5.7084693904999995,26.75,normal
2025-11-12T05:00:00+00:00,trend_ufc_meliponini1_oct_nov,5.711331367,26.70000076,normal
2025-11-12T06:00:00+00:00,trend_ufc_meliponini1_oct_nov,5.713856697,26.60000038,normal
2025-11-12T07:00:00+00:00,trend_ufc_meliponini1_oct_nov,5.715878486499999,26.60000038,normal
2025-11-12T08:00:00+00:00,trend_ufc_meliponini1_oct_nov,5.718831062,26.5,normal
2025-11-12T09:00:00+00:00,trend_ufc_meliponini1_oct_nov,5.713723183,26.70000076,normal
2025-11-12T10:00:00+00:00,trend_ufc_meliponini1_oct_nov,5.7298622130000005,26.849999429999997,normal
2025-11-12T11:00:00+00:00,trend_ufc_meliponini1_oct_nov,5.760514259000001,27.0,normal
2025-11-12T12:00:00+00:00,trend_ufc_meliponini1_oct_nov,5.810133934,28.70000076,normal
2025-11-12T13:00:00+00:00,trend_ufc_meliponini1_oct_nov,5.8545036315,30.10000038,normal
2025-11-12T14:00:00+00:00,trend_ufc_meliponini1_oct_nov,5.8699522015,31.25,normal
2025-11-12T15:00:00+00:00,trend_ufc_meliponini1_oct_nov,5.88828373,31.5,normal
2025-11-12T16:00:00+00:00,trend_ufc_meliponini1_oct_nov,5.893483162000001,32.40000153,normal
2025-11-12T17:00:00+00:00,trend_ufc_meliponini1_oct_nov,5.8851966860000005,31.95000076,normal
2025-11-12T18:00:00+00:00,trend_ufc_meliponini1_oct_nov,5.8631477355,30.79999924,normal
2025-11-12T19:00:00+00:00,trend_ufc_meliponini1_oct_nov,5.780613899,29.79999924,normal
2025-11-12T20:00:00+00:00,trend_ufc_meliponini1_oct_nov,5.749598503,28.94999981,normal
2025-11-12T21:00:00+00:00,trend_ufc_meliponini1_oct_nov,5.732228279,28.20000076,normal
2025-11-12T22:00:00+00:00,trend_ufc_meliponini1_oct_nov,5.718569756,27.89999962,normal
2025-11-12T23:00:00+00:00,trend_ufc_meliponini1_oct_nov,5.698693275,27.79999924,normal
2025-11-13T00:00:00+00:00,trend_ufc_meliponini1_oct_nov,5.6866436005,27.5,normal
2025-11-13T01:00:00+00:00,trend_ufc_meliponini1_oct_nov,5.677639961,27.29999924,normal
2025-11-13T02:00:00+00:00,trend_ufc_meliponini1_oct_nov,5.67394352,27.20000076,normal
2025-11-13T03:00:00+00:00,trend_ufc_meliponini1_oct_nov,5.6679353715,27.0,normal
2025-11-13T04:00:00+00:00,trend_ufc_meliponini1_oct_nov,5.666249275,26.89999962,normal
2025-11-13T05:00:00+00:00,trend_ufc_meliponini1_oct_nov,5.666876793,26.79999924,normal
2025-11-13T06:00:00+00:00,trend_ufc_meliponini1_oct_nov,5.669441223,26.60000038,normal
2025-11-13T07:00:00+00:00,trend_ufc_meliponini1_oct_nov,5.67315197,26.60000038,normal
2025-11-13T08:00:00+00:00,trend_ufc_meliponini1_oct_nov,5.6771993635,26.39999962,normal
2025-11-13T09:00:00+00:00,trend_ufc_meliponini1_oct_nov,5.6767024995,26.39999962,normal
2025-11-13T10:00:00+00:00,trend_ufc_meliponini1_oct_nov,5.7008666995,26.75,normal
2025-11-13T11:00:00+00:00,trend_ufc_meliponini1_oct_nov,5.730669975,27.79999924,normal
2025-11-13T12:00:00+00:00,trend_ufc_meliponini1_oct_nov,5.8122034075,29.25,normal
2025-11-13T13:00:00+00:00,trend_ufc_meliponini1_oct_nov,5.8302621845000004,30.29999924,normal
2025-11-13T14:00:00+00:00,trend_ufc_meliponini1_oct_nov,5.843066216,31.0,normal
2025-11-13T15:00:00+00:00,trend_ufc_meliponini1_oct_nov,5.853176117,31.849999429999997,normal
2025-11-13T16:00:00+00:00,trend_ufc_meliponini1_oct_nov,5.848526001,32.84999847,normal
2025-11-13T17:00:00+00:00,trend_ufc_meliponini1_oct_nov,5.828015327,32.5,normal
2025-11-13T18:00:00+00:00,trend_ufc_meliponini1_oct_nov,5.808805466,30.55000019,normal
2025-11-13T19:00:00+00:00,trend_ufc_meliponini1_oct_nov,5.728568077,29.80000019,normal
2025-11-13T20:00:00+00:00,trend_ufc_meliponini1_oct_nov,5.709237099,29.10000038,normal
2025-11-13T21:00:00+00:00,trend_ufc_meliponini1_oct_nov,5.686543465,28.30000019,normal
2025-11-13T22:00:00+00:00,trend_ufc_meliponini1_oct_nov,5.6630163190000005,27.75,normal
2025-11-13T23:00:00+00:00,trend_ufc_meliponini1_oct_nov,5.641655922,27.70000076,normal
2025-11-14T00:00:00+00:00,trend_ufc_meliponini1_oct_nov,5.635365486,27.60000038,normal
2025-11-14T01:00:00+00:00,trend_ufc_meliponini1_oct_nov,5.6300563815,27.60000038,normal
2025-11-14T02:00:00+00:00,trend_ufc_meliponini1_oct_nov,5.63192749,27.44999981,normal
2025-11-14T03:00:00+00:00,trend_ufc_meliponini1_oct_nov,5.638850212,27.29999924,normal
2025-11-14T04:00:00+00:00,trend_ufc_meliponini1_oct_nov,5.646292686,27.29999924,normal
2025-11-14T05:00:00+00:00,trend_ufc_meliponini1_oct_nov,5.652155876,27.150000570000003,normal
2025-11-14T06:00:00+00:00,trend_ufc_meliponini1_oct_nov,5.656685829,27.10000038,normal
2025-11-14T07:00:00+00:00,trend_ufc_meliponini1_oct_nov,5.6618623735,27.0,normal
2025-11-14T08:00:00+00:00,trend_ufc_meliponini1_oct_nov,5.665719032,27.0,normal
2025-11-14T09:00:00+00:00,trend_ufc_meliponini1_oct_nov,5.6659088135,27.0,normal
2025-11-14T10:00:00+00:00,trend_ufc_meliponini1_oct_nov,5.694895744,26.39999962,normal
2025-11-14T11:00:00+00:00,trend_ufc_meliponini1_oct_nov,5.712524414,26.30000019,normal
2025-11-14T12:00:00+00:00,trend_ufc_meliponini1_oct_nov,5.7985982895,29.05000019,normal
2025-11-14T13:00:00+00:00,trend_ufc_meliponini1_oct_nov,5.812275887,30.60000038,normal
2025-11-14T14:00:00+00:00,trend_ufc_meliponini1_oct_nov,5.8397073745,31.44999981,normal
2025-11-14T15:00:00+00:00,trend_ufc_meliponini1_oct_nov,5.8540525435,32.299999235,normal
2025-11-14T16:00:00+00:00,trend_ufc_meliponini1_oct_nov,5.8466501235,31.75,normal
2025-11-14T17:00:00+00:00,trend_ufc_meliponini1_oct_nov,5.827710152,30.89999962,normal
2025-11-14T18:00:00+00:00,trend_ufc_meliponini1_oct_nov,5.794363022,30.39999962,normal
2025-11-14T19:00:00+00:00,trend_ufc_meliponini1_oct_nov,5.716431618,29.29999924,normal
2025-11-14T20:00:00+00:00,trend_ufc_meliponini1_oct_nov,5.696000099,29.0,normal
2025-11-14T21:00:00+00:00,trend_ufc_meliponini1_oct_nov,5.6761598585,28.0,normal
2025-11-14T22:00:00+00:00,trend_ufc_meliponini1_oct_nov,5.6543626785,27.650000570000003,normal
2025-11-14T23:00:00+00:00,trend_ufc_meliponini1_oct_nov,5.644609451,27.5,normal
2025-11-15T00:00:00+00:00,trend_ufc_meliponini1_oct_nov,5.634213448,27.5,normal
2025-11-15T01:00:00+00:00,trend_ufc_meliponini1_oct_nov,5.6270360945,27.39999962,normal
2025-11-15T02:00:00+00:00,trend_ufc_meliponini1_oct_nov,5.626361847,27.25,normal
2025-11-15T03:00:00+00:00,trend_ufc_meliponini1_oct_nov,5.628911018,27.20000076,normal
2025-11-15T04:00:00+00:00,trend_ufc_meliponini1_oct_nov,5.627292633,26.89999962,normal
2025-11-15T05:00:00+00:00,trend_ufc_meliponini1_oct_nov,5.631220818,26.79999924,normal
2025-11-15T06:00:00+00:00,trend_ufc_meliponini1_oct_nov,5.6364107135,26.70000076,normal
2025-11-15T07:00:00+00:00,trend_ufc_meliponini1_oct_nov,5.639395714000001,26.650000570000003,normal
2025-11-15T08:00:00+00:00,trend_ufc_meliponini1_oct_nov,5.640104294,26.5,normal
2025-11-15T09:00:00+00:00,trend_ufc_meliponini1_oct_nov,5.6394081115,26.25,normal
2025-11-15T10:00:00+00:00,trend_ufc_meliponini1_oct_nov,5.659529686,26.5,normal
2025-11-15T11:00:00+00:00,trend_ufc_meliponini1_oct_nov,5.735848427,28.0,normal
2025-11-15T12:00:00+00:00,trend_ufc_meliponini1_oct_nov,5.728489876,29.0,normal
2025-11-15T13:00:00+00:00,trend_ufc_meliponini1_oct_nov,5.782166481,30.55000019,normal
2025-11-15T14:00:00+00:00,trend_ufc_meliponini1_oct_nov,5.802002907,31.80000019,normal
2025-11-15T15:00:00+00:00,trend_ufc_meliponini1_oct_nov,5.804768562,32.0,normal
2025-11-15T16:00:00+00:00,trend_ufc_meliponini1_oct_nov,5.793618201999999,32.20000076,normal
2025-11-15T17:00:00+00:00,trend_ufc_meliponini1_oct_nov,5.7781581875,31.5,normal
2025-11-15T18:00:00+00:00,trend_ufc_meliponini1_oct_nov,5.747412682,30.25,normal
2025-11-15T19:00:00+00:00,trend_ufc_meliponini1_oct_nov,5.676415443,29.39999962,normal
2025-11-15T20:00:00+00:00,trend_ufc_meliponini1_oct_nov,5.622274399,28.94999981,normal
2025-11-15T21:00:00+00:00,trend_ufc_meliponini1_oct_nov,5.5962791445,28.150000570000003,normal
2025-11-15T22:00:00+00:00,trend_ufc_meliponini1_oct_nov,5.584832191,27.89999962,normal
2025-11-15T23:00:00+00:00,trend_ufc_meliponini1_oct_nov,5.5721769335,27.650000570000003,normal
2025-11-16T00:00:00+00:00,trend_ufc_meliponini1_oct_nov,5.564429283000001,27.5,normal
2025-11-16T01:00:00+00:00,trend_ufc_meliponini1_oct_nov,5.565167427,27.29999924,normal
2025-11-16T02:00:00+00:00,trend_ufc_meliponini1_oct_nov,5.5682363509999995,27.20000076,normal
2025-11-16T03:00:00+00:00,trend_ufc_meliponini1_oct_nov,5.572313309,27.10000038,normal
2025-11-16T04:00:00+00:00,trend_ufc_meliponini1_oct_nov,5.5733280185,26.89999962,normal
2025-11-16T05:00:00+00:00,trend_ufc_meliponini1_oct_nov,5.575089455,26.79999924,normal
2025-11-16T06:00:00+00:00,trend_ufc_meliponini1_oct_nov,5.578753471500001,26.75,normal
2025-11-16T07:00:00+00:00,trend_ufc_meliponini1_oct_nov,5.581100464,26.70000076,normal
2025-11-16T08:00:00+00:00,trend_ufc_meliponini1_oct_nov,5.583289146,26.70000076,normal
2025-11-16T09:00:00+00:00,trend_ufc_meliponini1_oct_nov,5.5830087665,26.650000570000003,normal
2025-11-16T10:00:00+00:00,trend_ufc_meliponini1_oct_nov,5.6035785675,27.39999962,normal
2025-11-16T11:00:00+00:00,trend_ufc_meliponini1_oct_nov,5.620434761,27.44999981,normal
2025-11-16T12:00:00+00:00,trend_ufc_meliponini1_oct_nov,5.706315041,29.19999981,normal
2025-11-16T13:00:00+00:00,trend_ufc_meliponini1_oct_nov,5.7334604265,31.25,normal
2025-11-16T14:00:00+00:00,trend_ufc_meliponini1_oct_nov,5.749564171,31.29999924,normal
2025-11-16T15:00:00+00:00,trend_ufc_meliponini1_oct_nov,5.761036873,32.25,normal
2025-11-16T16:00:00+00:00,trend_ufc_meliponini1_oct_nov,5.7570075984999995,32.899999615,normal
2025-11-16T17:00:00+00:00,trend_ufc_meliponini1_oct_nov,5.7396106719999995,31.899999615000002,normal
2025-11-16T18:00:00+00:00,trend_ufc_meliponini1_oct_nov,5.723599434,30.60000038,normal
2025-11-16T19:00:00+00:00,trend_ufc_meliponini1_oct_nov,5.663491249,30.10000038,normal
2025-11-16T20:00:00+00:00,trend_ufc_meliponini1_oct_nov,5.627873421,28.60000038,normal
2025-11-16T21:00:00+00:00,trend_ufc_meliponini1_oct_nov,5.602618217,28.20000076,normal
2025-11-16T22:00:00+00:00,trend_ufc_meliponini1_oct_nov,5.5894327165,27.75,normal
2025-11-16T23:00:00+00:00,trend_ufc_meliponini1_oct_nov,5.5791072845,27.5,normal
2025-11-17T00:00:00+00:00,trend_ufc_meliponini1_oct_nov,5.5748605725,27.39999962,normal
2025-11-17T01:00:00+00:00,trend_ufc_meliponini1_oct_nov,5.573788643,27.29999924,normal
2025-11-17T02:00:00+00:00,trend_ufc_meliponini1_oct_nov,5.5720233915,27.20000076,normal
2025-11-17T03:00:00+00:00,trend_ufc_meliponini1_oct_nov,5.569575309499999,27.10000038,normal
2025-11-17T04:00:00+00:00,trend_ufc_meliponini1_oct_nov,5.571480751,26.89999962,normal
2025-11-17T05:00:00+00:00,trend_ufc_meliponini1_oct_nov,5.573397635999999,26.79999924,normal
2025-11-17T06:00:00+00:00,trend_ufc_meliponini1_oct_nov,5.5750722884999995,26.650000570000003,normal
2025-11-17T07:00:00+00:00,trend_ufc_meliponini1_oct_nov,5.581290245,26.60000038,normal
2025-11-17T08:00:00+00:00,trend_ufc_meliponini1_oct_nov,5.583176613,26.60000038,normal
2025-11-17T09:00:00+00:00,trend_ufc_meliponini1_oct_nov,5.581420898,26.60000038,normal
2025-11-17T10:00:00+00:00,trend_ufc_meliponini1_oct_nov,5.6012239455,27.19999981,normal
2025-11-17T11:00:00+00:00,trend_ufc_meliponini1_oct_nov,5.636025429,27.60000038,normal
2025-11-17T12:00:00+00:00,trend_ufc_meliponini1_oct_nov,5.679166794,29.14999962,normal
2025-11-17T13:00:00+00:00,trend_ufc_meliponini1_oct_nov,5.7146673205,30.44999981,normal
2025-11-17T14:00:00+00:00,trend_ufc_meliponini1_oct_nov,5.741239547499999,31.80000019,normal
2025-11-17T15:00:00+00:00,trend_ufc_meliponini1_oct_nov,5.756485939,32.59999847,normal
2025-11-17T16:00:00+00:00,trend_ufc_meliponini1_oct_nov,5.7588768004999995,32.699998855000004,normal
2025-11-17T17:00:00+00:00,trend_ufc_meliponini1_oct_nov,5.733818054,31.949998855,normal
2025-11-17T18:00:00+00:00,trend_ufc_meliponini1_oct_nov,5.705796242,30.70000076,normal
2025-11-17T19:00:00+00:00,trend_ufc_meliponini1_oct_nov,5.626543045,30.099999429999997,normal
2025-11-17T20:00:00+00:00,trend_ufc_meliponini1_oct_nov,5.5986862185,29.39999962,normal
